{"cameraMode":{"drawMode":0,"name":"Shaded","section":"Shading Mode"},"sceneLighting":true,"audioPlay":false,"sceneViewState":{"showFog":true,"showMaterialUpdate":false,"showSkybox":true,"showFlares":true,"showImageEffects":true,"showParticleSystems":true},"in2DMode":false,"pivot":{"x":399.36407470703127,"y":14.989923477172852,"z":283.6116027832031},"rotation":{"x":-0.197615385055542,"y":0.49341028928756716,"z":-0.11621057242155075,"w":-0.8390411734580994},"size":2.36602520942688,"orthographic":false}