{"cameraMode":{"drawMode":0,"name":"Shaded","section":"Shading Mode"},"sceneLighting":true,"audioPlay":false,"sceneViewState":{"showFog":true,"showMaterialUpdate":false,"showSkybox":true,"showFlares":true,"showImageEffects":true,"showParticleSystems":true},"in2DMode":false,"pivot":{"x":87.80864715576172,"y":79.86026000976563,"z":453.3423156738281},"rotation":{"x":-0.08248037099838257,"y":0.8709384799003601,"z":-0.15658017992973329,"w":-0.4585561752319336},"size":90.68363952636719,"orthographic":false}