{"cameraMode":{"drawMode":0,"name":"Shaded","section":"Shading Mode"},"sceneLighting":true,"audioPlay":false,"sceneViewState":{"showFog":true,"showMaterialUpdate":false,"showSkybox":true,"showFlares":true,"showImageEffects":true,"showParticleSystems":true},"in2DMode":false,"pivot":{"x":260.0692138671875,"y":63.583126068115237,"z":315.24774169921877},"rotation":{"x":0.027427850291132928,"y":-0.9153165817260742,"z":0.0632673129439354,"w":0.39702317118644717},"size":250.85885620117188,"orthographic":false}