{"cameraMode":{"drawMode":0,"name":"Shaded","section":"Shading Mode"},"sceneLighting":true,"audioPlay":false,"sceneViewState":{"showFog":true,"showMaterialUpdate":false,"showSkybox":true,"showFlares":true,"showImageEffects":true,"showParticleSystems":true},"in2DMode":false,"pivot":{"x":126.56195068359375,"y":81.02525329589844,"z":367.9066162109375},"rotation":{"x":-0.03775610774755478,"y":0.9618254899978638,"z":-0.20801079273223878,"w":-0.17420125007629395},"size":93.40876007080078,"orthographic":false}