{"cameraMode":{"drawMode":0,"name":"Shaded","section":"Shading Mode"},"sceneLighting":true,"audioPlay":false,"sceneViewState":{"showFog":true,"showMaterialUpdate":false,"showSkybox":true,"showFlares":true,"showImageEffects":true,"showParticleSystems":true},"in2DMode":false,"pivot":{"x":382.9781799316406,"y":-85.2962417602539,"z":74.51602935791016},"rotation":{"x":-0.012911409139633179,"y":0.9847846627235413,"z":-0.15335914492607118,"w":-0.0817149430513382},"size":424.9989013671875,"orthographic":false}