{"cameraMode":{"drawMode":0,"name":"Shaded","section":"Shading Mode"},"sceneLighting":true,"audioPlay":false,"sceneViewState":{"showFog":true,"showMaterialUpdate":false,"showSkybox":true,"showFlares":true,"showImageEffects":true,"showParticleSystems":true},"in2DMode":false,"pivot":{"x":388.7450256347656,"y":-78.49500274658203,"z":382.960693359375},"rotation":{"x":-0.009379939176142216,"y":0.9522793889045715,"z":-0.3039894104003906,"w":-0.028827309608459474},"size":837.350830078125,"orthographic":false}