{"cameraMode":{"drawMode":0,"name":"Shaded","section":"Shading Mode"},"sceneLighting":true,"audioPlay":false,"sceneViewState":{"showFog":true,"showMaterialUpdate":false,"showSkybox":true,"showFlares":true,"showImageEffects":true,"showParticleSystems":true},"in2DMode":false,"pivot":{"x":431.0723571777344,"y":23.424358367919923,"z":636.0098876953125},"rotation":{"x":-0.06546488404273987,"y":-0.8908965587615967,"z":0.13599498569965363,"w":-0.4285283386707306},"size":127.78254699707031,"orthographic":false}