{"cameraMode":{"drawMode":0,"name":"Shaded","section":"Shading Mode"},"sceneLighting":true,"audioPlay":false,"sceneViewState":{"showFog":true,"showMaterialUpdate":false,"showSkybox":true,"showFlares":true,"showImageEffects":true,"showParticleSystems":true},"in2DMode":false,"pivot":{"x":405.02276611328127,"y":26.741300582885743,"z":702.9620361328125},"rotation":{"x":-0.15850208699703217,"y":-0.8200083374977112,"z":0.4782751202583313,"w":-0.2718331217765808},"size":1.4191787242889405,"orthographic":false}