{"cameraMode":{"drawMode":0,"name":"Shaded","section":"Shading Mode"},"sceneLighting":true,"audioPlay":false,"sceneViewState":{"showFog":true,"showMaterialUpdate":false,"showSkybox":true,"showFlares":true,"showImageEffects":true,"showParticleSystems":true},"in2DMode":false,"pivot":{"x":-542.011474609375,"y":-2111.0009765625,"z":-368.7277526855469},"rotation":{"x":0.14130394160747529,"y":-0.857887327671051,"z":0.3708014190196991,"w":0.32672128081321719},"size":3066.043701171875,"orthographic":false}